[
    {
        "categoryTitle":"最近使用",
        "items":[
            {
                "itemName":"最近使用",
                "itemStatus":true
            }
        ]
    },
    {
        "categoryTitle":"成员",
        "items":[
            {
                "itemName":"出入管理",
                "itemStatus":true
            }
        ]
    },
    {
        "categoryTitle":"基础信息",
        "items":[
            {
                "itemName":"老师信息",
                "itemStatus":true
            },
            {
                "itemName":"学生信息",
                "itemStatus":true
            },
            {
                "itemName":"科目信息",
                "itemStatus":true
            },
            {
                "itemName":"教学时间",
                "itemStatus":true
            },
            {
                "itemName":"场所信息",
                "itemStatus":true
            },
            {
                "itemName":"宿舍信息",
                "itemStatus":true
            }
        ]
    },
    {
        "categoryTitle":"基础沟通",
        "items":[
            {
                "itemName":"问卷",
                "itemStatus":true
            },
            {
                "itemName":"投票",
                "itemStatus":true
            },
            {
                "itemName":"短信",
                "itemStatus":true
            },
            {
                "itemName":"校园动态",
                "itemStatus":true
            },
            {
                "itemName":"公告",
                "itemStatus":true
            }
        ]
    },
    {
        "categoryTitle":"移动办公",
        "items":[
            {
                "itemName":"审批",
                "itemStatus":true
            },
            {
                "itemName":"场所预约",
                "itemStatus":true
            }
        ]
    },
    {
        "categoryTitle":"校园文化",
        "items":[
            {
                "itemName":"布告栏",
                "itemStatus":true
            },
            {
                "itemName":"班牌发布",
                "itemStatus":true
            },
            {
                "itemName":"活动",
                "itemStatus":true
            },
            {
                "itemName":"倒计时",
                "itemStatus":true
            }
        ]
    },
    {
        "categoryTitle":"数字德育",
        "items":[
            {
                "itemName":"评比",
                "itemStatus":true
            },
            {
                "itemName":"评价",
                "itemStatus":true
            },
            {
                "itemName":"表彰",
                "itemStatus":true
            }
        ]
    },
    {
        "categoryTitle":"校园安全",
        "items":[
            {
                "itemName":"安全信息",
                "itemStatus":true
            }
        ]
    },
    {
        "categoryTitle":"宿舍管理",
        "items":[
            {
                "itemName":"宿舍考勤",
                "itemStatus":true
            }
        ]
    },
    {
        "categoryTitle":"学业分析",
        "items":[
            {
                "itemName":"联考",
                "itemStatus":true
            }
        ]
    },
    {
        "categoryTitle":"智能考勤",
        "items":[
            {
                "itemName":"考勤",
                "itemStatus":true
            }
        ]
    },
    {
        "categoryTitle":"智慧膳食",
        "items":[
            {
                "itemName":"食谱",
                "itemStatus":true
            }
        ]
    },
    {
        "categoryTitle":"智能硬件",
        "items":[
            {
                "itemName":"V闸",
                "itemStatus":true
            },
            {
                "itemName":"VPOS",
                "itemStatus":true
            },
            {
                "itemName":"V屏",
                "itemStatus":true
            },
            {
                "itemName":"V卡",
                "itemStatus":true
            }
        ]
    },
    {
        "categoryTitle":"工具",
        "items":[
            {
                "itemName":"活跃",
                "itemStatus":true
            },
            {
                "itemName":"应用中心",
                "itemStatus":true
            },
            {
                "itemName":"课表",
                "itemStatus":true
            },
            {
                "itemName":"提示",
                "itemStatus":true
            },
            {
                "itemName":"我的",
                "itemStatus":true
            },
            {
                "itemName":"话题",
                "itemStatus":true
            },
            {
                "itemName":"相册",
                "itemStatus":true
            },
            {
                "itemName":"文件",
                "itemStatus":true
            }

        ]
    }
]