[
    {
        "value":"mat",
        "label":"Mathematics"
    },
    {
        "value":"phy",
        "label":"Physics"
    },
    {
        "value":"che",
        "label":"Chemistry"
    },
    {
        "value":"bio",
        "label":"Biology"
    },
    {
        "value":"phi",
        "label":"Philosophy"
    },
    {
        "value":"psy",
        "label":"Psychology"
    },
    {
        "value":"eco",
        "label":"Economics"
    },
    {
        "value":"pro",
        "label":"Programming"
    },
    {
        "value":"log",
        "label":"Logic"
    },
    {
        "value":"eng",
        "label":"Engineering"
    },
    {
        "value":"com",
        "label":"Computer"
    }
]